employee_id,Department,Gender,Age,Job_Title,Hire_Date,Years_At_Company,Education_Level,Performance_Score,Monthly_Salary,Work_Hours_Per_Week,Projects_Handled,Overtime_Hours,Sick_Days,Remote_Work_Frequency,Team_Size,Training_Hours,Promotions,Employee_Satisfaction_Score,Resigned
E1000,HR,Female,33,Engineer,2016-10-15 08:03:05.556036,7,Master,3,7800.0,53,47,13,14,100,11,31,2,2.71,True
E1001,HR,Male,52,Analyst,2021-05-10 08:03:05.556036,3,Bachelor,4,5600.0,37,3,9,3,25,5,72,1,2.85,False
E1002,HR,Female,40,Consultant,2020-11-07 08:03:05.556036,3,Bachelor,4,7700.0,59,11,13,6,75,12,81,0,1.67,False
E1003,Customer Support,Female,32,Manager,2024-02-20 08:03:05.556036,0,Bachelor,2,7200.0,36,29,15,13,75,3,96,1,1.89,False
E1004,IT,Male,24,Manager,2019-07-31 08:03:05.556036,5,Bachelor,2,7200.0,34,44,19,5,100,19,55,1,4.97,False
E1005,Operations,Male,52,Specialist,2023-02-03 08:03:05.556036,1,High School,2,5400.0,45,5,13,10,50,6,84,0,3.23,False
E1006,Legal,Female,23,Developer,2017-04-17 08:03:05.556036,7,Bachelor,4,7000.0,44,5,7,5,0,10,42,0,2.14,False
E1007,Finance,Female,58,Consultant,2022-02-21 08:03:05.556036,2,Bachelor,5,8250.0,51,30,12,9,25,14,30,1,4.44,True
E1008,Operations,Male,30,Engineer,2022-11-18 08:03:05.556036,1,PhD,2,7200.0,44,18,20,12,0,6,82,2,4.07,False
E1009,Sales,Male,55,Consultant,2015-12-09 08:03:05.556036,8,Master,4,7700.0,47,27,29,9,50,14,56,0,1.13,False
E1010,Legal,Female,41,Analyst,2018-08-31 08:03:05.556036,6,High School,5,6000.0,44,46,2,6,50,13,54,1,1.84,False
E1011,IT,Male,45,Analyst,2023-06-21 08:03:05.556036,1,PhD,2,4800.0,34,36,3,2,0,8,30,1,1.67,False
E1012,Marketing,Female,24,Engineer,2017-01-07 08:03:05.556036,7,Bachelor,5,9000.0,49,7,10,14,100,1,96,2,1.29,False
E1013,HR,Female,27,Consultant,2021-10-23 08:03:05.556036,2,Master,2,6600.0,57,48,22,14,75,10,47,2,2.68,False
E1014,Operations,Male,52,Consultant,2017-10-15 08:03:05.556036,6,High School,2,6600.0,49,36,2,5,25,5,36,1,3.95,False
E1015,Marketing,Male,49,Engineer,2018-02-18 08:03:05.556036,6,Bachelor,2,7200.0,40,7,25,2,25,19,27,0,2.64,False
E1016,HR,Male,46,Engineer,2015-10-27 08:03:05.556036,8,High School,5,9000.0,38,22,17,13,50,7,68,1,3.99,False
E1017,Operations,Female,39,Analyst,2024-04-12 08:03:05.556036,0,High School,3,5200.0,57,31,9,10,25,17,23,1,1.03,False
E1018,Engineering,Male,53,Consultant,2021-12-11 08:03:05.556036,2,Bachelor,1,6050.0,46,9,5,8,0,16,57,1,3.5,False
E1019,Legal,Female,56,Developer,2021-07-16 08:03:05.556036,3,High School,5,7500.0,56,10,13,5,100,8,44,0,4.4,False
E1020,HR,Female,26,Engineer,2023-03-13 08:03:05.556036,1,Bachelor,1,6600.0,50,24,13,4,50,12,53,1,2.53,False
E1021,Finance,Male,47,Consultant,2017-02-23 08:03:05.556036,7,Master,2,6600.0,32,31,22,13,100,9,51,2,1.5,False
E1022,Sales,Male,55,Analyst,2023-12-11 08:03:05.556036,0,Master,4,5600.0,51,16,17,14,100,14,8,0,4.04,False
E1023,Legal,Female,54,Engineer,2016-12-11 08:03:05.556036,7,PhD,5,9000.0,47,36,27,12,75,19,91,1,4.29,False
E1024,IT,Male,28,Specialist,2014-11-25 08:03:05.556036,9,High School,5,6750.0,50,45,29,0,50,12,17,1,1.55,False
E1025,Finance,Female,54,Technician,2021-02-14 08:03:05.556036,3,Bachelor,5,5250.0,50,49,4,1,100,7,57,2,4.22,False
E1026,IT,Male,49,Analyst,2022-04-13 08:03:05.556036,2,Bachelor,3,5200.0,52,41,18,0,100,18,86,2,3.69,False
E1027,Customer Support,Female,40,Analyst,2022-11-29 08:03:05.556036,1,Master,1,4400.0,49,13,11,7,0,16,9,1,4.52,False
E1028,IT,Female,42,Developer,2024-01-28 08:03:05.556036,0,Bachelor,1,5500.0,59,44,7,5,25,9,76,1,3.11,False
E1029,Legal,Female,59,Specialist,2020-02-20 08:03:05.556036,4,Master,3,5850.0,37,43,1,10,25,13,30,0,4.95,False
E1030,Operations,Male,25,Consultant,2015-12-15 08:03:05.556036,8,High School,3,7150.0,57,21,16,0,50,15,83,2,2.76,False
E1031,Legal,Male,35,Analyst,2014-10-03 08:03:05.556036,9,Master,1,4400.0,44,43,29,6,0,13,93,1,4.75,False
E1032,Sales,Female,26,Specialist,2015-02-15 08:03:05.556036,9,Bachelor,2,5400.0,57,46,18,10,100,19,53,0,2.15,False
E1033,Sales,Male,50,Specialist,2024-02-09 08:03:05.556036,0,Bachelor,3,5850.0,45,28,15,0,100,1,90,2,4.38,False
E1034,Finance,Female,41,Manager,2016-05-28 08:03:05.556036,8,Bachelor,1,6600.0,39,7,10,7,50,6,22,2,4.17,False
E1035,Customer Support,Female,54,Specialist,2016-02-09 08:03:05.556036,8,Bachelor,4,6300.0,34,18,12,10,50,14,61,1,4.04,False
E1036,Marketing,Female,27,Consultant,2022-09-13 08:03:05.556036,1,Bachelor,5,8250.0,58,18,15,13,50,9,66,2,2.03,False
E1037,Operations,Female,60,Specialist,2017-01-02 08:03:05.556036,7,High School,5,6750.0,58,3,29,12,100,19,90,0,4.4,False
E1038,IT,Male,47,Consultant,2014-09-12 08:03:05.556036,9,Master,5,8250.0,34,4,21,14,25,19,30,0,2.64,False
E1039,HR,Female,56,Engineer,2019-11-24 08:03:05.556036,4,Master,1,6600.0,33,7,22,2,0,15,97,0,2.75,False
E1040,Customer Support,Male,40,Manager,2020-08-13 08:03:05.556036,4,High School,5,9000.0,37,22,23,0,100,5,45,2,3.93,False
E1041,Engineering,Female,32,Analyst,2017-11-12 08:03:05.556036,6,Master,3,5200.0,47,6,7,14,50,15,81,1,4.09,False
E1042,Marketing,Male,55,Developer,2018-06-23 08:03:05.556036,6,Bachelor,2,6000.0,37,7,21,7,75,12,75,0,3.58,True
E1043,Sales,Male,39,Manager,2018-05-29 08:03:05.556036,6,Master,4,8400.0,35,37,16,14,25,12,92,0,1.31,True
E1044,Sales,Male,54,Manager,2014-09-16 08:03:05.556036,9,Bachelor,3,7800.0,50,24,21,6,25,11,47,1,1.16,False
E1045,Customer Support,Female,27,Engineer,2021-05-28 08:03:05.556036,3,Master,1,6600.0,41,36,26,7,25,10,29,2,3.54,False
E1046,Finance,Female,35,Consultant,2021-11-21 08:03:05.556036,2,Bachelor,3,7150.0,55,41,11,1,100,19,16,1,2.04,False
E1047,IT,Female,45,Consultant,2023-06-24 08:03:05.556036,1,High School,1,6050.0,60,13,26,9,0,11,86,0,3.53,False
E1048,Sales,Male,54,Consultant,2023-03-30 08:03:05.556036,1,Master,5,8250.0,33,3,16,9,50,5,45,0,2.69,False
E1049,Operations,Female,35,Engineer,2022-02-27 08:03:05.556036,2,Bachelor,1,6600.0,44,19,24,2,0,6,51,2,4.41,False
E1050,Customer Support,Female,58,Technician,2015-09-08 08:03:05.556036,8,Master,4,4900.0,40,3,26,5,0,15,95,1,4.29,False
E1051,Sales,Female,46,Manager,2015-01-07 08:03:05.556036,9,Bachelor,4,8400.0,59,9,17,12,100,17,78,1,3.57,True
E1052,HR,Male,26,Developer,2014-10-31 08:03:05.556036,9,Master,4,7000.0,40,10,9,5,50,2,9,0,2.12,False
E1053,Marketing,Female,57,Analyst,2015-01-16 08:03:05.556036,9,High School,3,5200.0,41,25,4,10,0,6,28,1,1.9,False
E1054,HR,Male,50,Consultant,2015-12-25 08:03:05.556036,8,Bachelor,5,8250.0,39,39,3,1,0,19,63,2,3.76,False
E1055,Customer Support,Other,32,Manager,2018-08-20 08:03:05.556036,6,Master,5,9000.0,38,6,5,13,50,3,65,1,3.51,False
E1056,Marketing,Male,60,Analyst,2015-11-29 08:03:05.556036,8,High School,3,5200.0,49,14,2,5,25,12,29,2,2.21,False
E1057,HR,Male,47,Specialist,2024-01-13 08:03:05.556036,0,Bachelor,2,5400.0,45,29,17,12,75,17,19,0,4.62,False
E1058,Finance,Female,43,Analyst,2022-04-21 08:03:05.556036,2,Bachelor,2,4800.0,60,28,10,10,100,15,88,1,4.3,True
E1059,Customer Support,Female,27,Analyst,2021-06-17 08:03:05.556036,3,High School,5,6000.0,49,6,27,2,100,7,15,0,3.74,False
E1060,Finance,Female,51,Manager,2017-10-04 08:03:05.556036,6,Bachelor,2,7200.0,56,2,2,6,100,18,87,0,3.57,False
E1061,Operations,Male,52,Manager,2019-07-28 08:03:05.556036,5,PhD,3,7800.0,44,38,24,12,100,9,41,1,1.84,False
E1062,IT,Female,49,Engineer,2022-05-06 08:03:05.556036,2,Bachelor,5,9000.0,45,10,15,12,0,16,24,1,4.36,False
E1063,HR,Male,48,Engineer,2021-05-05 08:03:05.556036,3,Master,2,7200.0,47,21,5,1,0,15,72,1,1.59,False
E1064,HR,Female,58,Consultant,2019-11-25 08:03:05.556036,4,Master,4,7700.0,55,3,22,14,0,13,59,1,3.14,False
E1065,Customer Support,Male,49,Manager,2018-02-06 08:03:05.556036,6,Bachelor,4,8400.0,50,43,1,11,25,18,34,0,1.59,False
E1066,Finance,Male,54,Developer,2021-05-06 08:03:05.556036,3,Bachelor,5,7500.0,57,38,7,3,75,15,89,2,1.06,False
E1067,Customer Support,Male,30,Specialist,2018-08-14 08:03:05.556036,6,PhD,2,5400.0,46,43,18,7,75,14,91,0,2.87,True
E1068,Finance,Female,56,Consultant,2022-08-25 08:03:05.556036,2,High School,4,7700.0,46,44,2,4,0,11,93,1,4.66,False
E1069,HR,Female,46,Analyst,2018-05-24 08:03:05.556036,6,Bachelor,5,6000.0,59,49,25,7,25,10,45,0,3.34,False
E1070,Sales,Female,32,Specialist,2017-07-22 08:03:05.556036,7,High School,4,6300.0,30,15,6,11,100,11,27,2,2.34,False
E1071,Finance,Female,33,Manager,2023-09-27 08:03:05.556036,0,Bachelor,4,8400.0,56,9,20,11,100,17,20,0,1.84,False
E1072,Marketing,Female,33,Developer,2020-09-10 08:03:05.556036,3,Master,4,7000.0,37,37,2,0,25,8,44,2,1.53,True
E1073,IT,Male,36,Consultant,2021-08-04 08:03:05.556036,3,High School,2,6600.0,45,33,23,1,0,9,38,1,4.61,False
E1074,HR,Male,45,Technician,2019-08-13 08:03:05.556036,5,Bachelor,1,3850.0,47,45,20,9,25,14,64,0,1.23,True
E1075,Engineering,Male,29,Consultant,2022-07-28 08:03:05.556036,2,Bachelor,3,7150.0,39,1,15,2,100,7,44,2,2.02,False
E1076,Operations,Male,26,Analyst,2023-03-16 08:03:05.556036,1,Bachelor,1,4400.0,54,28,22,12,75,2,4,0,4.73,False
E1077,Operations,Male,44,Manager,2018-09-25 08:03:05.556036,5,Bachelor,5,9000.0,53,5,2,5,0,6,60,0,3.23,True
E1078,Legal,Female,57,Engineer,2018-03-17 08:03:05.556036,6,Bachelor,4,8400.0,43,48,24,1,50,19,90,1,2.39,True
E1079,Sales,Male,31,Developer,2017-03-09 08:03:05.556036,7,Master,5,7500.0,35,30,5,14,75,10,28,0,3.95,False
E1080,Marketing,Female,39,Consultant,2016-10-27 08:03:05.556036,7,Bachelor,3,7150.0,40,13,7,11,0,3,47,1,4.89,False
E1081,HR,Male,33,Manager,2020-04-02 08:03:05.556036,4,Bachelor,1,6600.0,60,9,28,3,100,8,10,1,1.73,False
E1082,IT,Female,49,Engineer,2017-10-12 08:03:05.556036,6,Bachelor,3,7800.0,52,27,10,10,0,10,72,0,3.32,True
E1083,Engineering,Other,59,Consultant,2022-03-16 08:03:05.556036,2,Bachelor,2,6600.0,46,25,27,4,75,6,83,0,4.85,False
E1084,Legal,Female,34,Manager,2019-08-02 08:03:05.556036,5,Bachelor,1,6600.0,59,12,16,10,25,17,71,0,1.83,False
E1085,Marketing,Female,53,Analyst,2020-08-01 08:03:05.556036,4,Bachelor,2,4800.0,38,13,25,7,50,18,13,1,1.25,False
E1086,Marketing,Male,38,Analyst,2015-10-11 08:03:05.556036,8,Bachelor,1,4400.0,33,42,1,9,50,11,24,0,4.72,False
E1087,Customer Support,Female,31,Consultant,2019-11-09 08:03:05.556036,4,High School,5,8250.0,42,17,23,11,75,10,86,0,3.85,True
E1088,Finance,Male,24,Consultant,2015-06-09 08:03:05.556036,9,High School,3,7150.0,58,19,24,14,75,2,12,0,4.21,False
E1089,HR,Male,51,Engineer,2022-01-03 08:03:05.556036,2,PhD,3,7800.0,58,4,17,13,25,14,97,1,3.59,False
E1090,Sales,Female,36,Engineer,2020-05-14 08:03:05.556036,4,Bachelor,3,7800.0,60,14,27,2,25,3,80,0,2.45,False
E1091,HR,Male,44,Analyst,2021-12-16 08:03:05.556036,2,Bachelor,5,6000.0,52,29,28,2,75,19,62,2,3.44,False
E1092,Engineering,Female,54,Technician,2015-07-16 08:03:05.556036,9,High School,2,4200.0,37,12,3,11,100,11,75,1,4.8,False
E1093,Finance,Male,28,Manager,2017-09-23 08:03:05.556036,6,Bachelor,2,7200.0,53,30,29,12,25,8,3,0,2.97,True
E1094,Customer Support,Female,57,Consultant,2015-01-16 08:03:05.556036,9,Bachelor,4,7700.0,41,19,3,5,75,9,97,1,4.8,False
E1095,Customer Support,Male,38,Specialist,2021-10-12 08:03:05.556036,2,Bachelor,3,5850.0,39,37,4,8,75,9,94,0,2.06,False
E1096,IT,Female,52,Consultant,2022-11-09 08:03:05.556036,1,High School,5,8250.0,34,43,15,6,25,10,68,2,2.54,True
E1097,Marketing,Female,28,Analyst,2018-11-04 08:03:05.556036,5,Bachelor,2,4800.0,55,14,6,14,25,14,87,2,2.7,False
E1098,Legal,Female,53,Engineer,2024-09-02 08:03:05.556036,0,High School,5,9000.0,33,27,21,14,75,19,23,1,1.77,False
E1099,Engineering,Male,57,Analyst,2019-10-05 08:03:05.556036,4,High School,3,5200.0,46,5,17,5,100,11,7,2,2.24,False
