employee_id,assigned_role,latest_job_role,avg_performance_score
E1000,sm,Analyst,15.26
E1001,employee,Associate,14.35
E1002,employee,Analyst,14.68
E1003,employee,Executive,12.85
E1004,sm,Developer,17.57
E1005,employee,Developer,11.45
E1006,employee,Associate,13.68
E1007,sm,Analyst,15.31
E1008,employee,Associate,14.4
E1009,employee,Developer,13.42
E1010,employee,Associate,14.52
E1011,manager,Manager,13.83
E1012,sm,Developer,14.94
E1013,sm,Analyst,15.68
E1014,sm,Analyst,14.98
E1015,manager,Manager,15.48
E1016,employee,Developer,11.79
E1017,employee,Executive,13.22
E1018,manager,Manager,14.86
E1019,employee,Associate,13.2
E1020,employee,Associate,13.19
E1021,manager,Manager,12.64
E1022,employee,Developer,13.47
E1023,employee,Analyst,14.22
E1024,manager,Manager,12.67
E1025,employee,Associate,13.14
E1026,employee,Analyst,10.32
E1027,employee,Associate,12.95
E1028,employee,Associate,13.71
E1029,employee,Associate,12.97
E1030,employee,Executive,12.78
E1031,sm,Developer,15.7
E1032,employee,Analyst,14.72
E1033,employee,Developer,13.07
E1034,sm,Executive,15.12
E1035,sm,Executive,15.8
E1036,employee,Associate,12.88
E1037,manager,Manager,12.28
E1038,manager,Manager,13.89
E1039,employee,Analyst,12.43
E1040,employee,Associate,13.32
E1041,employee,Developer,12.04
E1042,manager,Manager,12.95
E1043,employee,Analyst,12.41
E1044,manager,Manager,13.81
E1045,employee,Executive,12.83
E1046,sm,Associate,15.24
E1047,employee,Executive,11.53
E1048,manager,Manager,11.21
E1049,manager,Manager,14.47
E1050,employee,Analyst,14.63
E1051,employee,Associate,14.42
E1052,employee,Analyst,12.93
E1053,employee,Analyst,14.75
E1054,employee,Analyst,11.48
E1055,employee,Executive,12.56
E1056,manager,Manager,13.55
E1057,sm,Analyst,15.41
E1058,employee,Executive,13.61
E1059,manager,Manager,15.38
E1060,employee,Analyst,12.65
E1061,sm,Executive,14.82
E1062,employee,Developer,14.37
E1063,manager,Manager,15.08
E1064,employee,Analyst,10.72
E1065,manager,Manager,12.28
E1066,manager,Manager,10.91
E1067,employee,Associate,14.64
E1068,employee,Analyst,14.61
E1069,employee,Analyst,12.26
E1070,employee,Executive,14.14
E1071,employee,Associate,10.29
E1072,employee,Analyst,11.12
E1073,manager,Manager,15.3
E1074,sm,Analyst,15.11
E1075,employee,Analyst,14.34
E1076,manager,Manager,13.31
E1077,manager,Manager,13.58
E1078,sm,Executive,15.22
E1079,employee,Developer,13.24
E1080,employee,Analyst,11.8
E1081,manager,Manager,15.28
E1082,employee,Developer,13.72
E1083,employee,Associate,13.14
E1084,employee,Associate,12.17
E1085,employee,Executive,14.54
E1086,employee,Analyst,13.41
E1087,manager,Manager,12.8
E1088,manager,Manager,12.75
E1089,manager,Manager,14.59
E1090,employee,Developer,12.66
E1091,employee,Developer,13.37
E1092,employee,Associate,12.59
E1093,manager,Manager,15.19
E1094,employee,Associate,13.2
E1095,manager,Manager,13.98
E1096,sm,Associate,17.15
E1097,employee,Executive,13.68
E1098,employee,Executive,13.87
E1099,employee,Developer,14.02
